Experiment_ID,Sales_Method,Sales_Volume_Group,Operating_Profit_INR,Data_Type,Note
1,Online,Low Volume,146542.87,Synthetic Academic Factorial Experiment,Synthetic observations created to demonstrate factorial experimental design.
2,Online,Low Volume,144734.28,Synthetic Academic Factorial Experiment,Synthetic observations created to demonstrate factorial experimental design.
3,Online,Low Volume,137559.66,Synthetic Academic Factorial Experiment,Synthetic observations created to demonstrate factorial experimental design.
4,Online,Low Volume,153990.83,Synthetic Academic Factorial Experiment,Synthetic observations created to demonstrate factorial experimental design.
5,Online,Low Volume,155518.01,Synthetic Academic Factorial Experiment,Synthetic observations created to demonstrate factorial experimental design.
6,Online,Low Volume,141180.35,Synthetic Academic Factorial Experiment,Synthetic observations created to demonstrate factorial experimental design.
7,Online,Low Volume,148605.59,Synthetic Academic Factorial Experiment,Synthetic observations created to demonstrate factorial experimental design.
8,Online,Low Volume,190055.23,Synthetic Academic Factorial Experiment,Synthetic observations created to demonstrate factorial experimental design.
9,Online,Low Volume,189367.8,Synthetic Academic Factorial Experiment,Synthetic observations created to demonstrate factorial experimental design.
10,Online,Low Volume,132226.38,Synthetic Academic Factorial Experiment,Synthetic observations created to demonstrate factorial experimental design.
11,Online,Low Volume,134739.94,Synthetic Academic Factorial Experiment,Synthetic observations created to demonstrate factorial experimental design.
12,Online,Low Volume,132130.74,Synthetic Academic Factorial Experiment,Synthetic observations created to demonstrate factorial experimental design.
13,Online,Low Volume,170226.97,Synthetic Academic Factorial Experiment,Synthetic observations created to demonstrate factorial experimental design.
14,Online,Low Volume,144026.47,Synthetic Academic Factorial Experiment,Synthetic observations created to demonstrate factorial experimental design.
15,Online,Low Volume,155514.14,Synthetic Academic Factorial Experiment,Synthetic observations created to demonstrate factorial experimental design.
16,Online,Low Volume,187145.41,Synthetic Academic Factorial Experiment,Synthetic observations created to demonstrate factorial experimental design.
17,Online,Low Volume,151011.63,Synthetic Academic Factorial Experiment,Synthetic observations created to demonstrate factorial experimental design.
18,Online,Low Volume,163912.48,Synthetic Academic Factorial Experiment,Synthetic observations created to demonstrate factorial experimental design.
19,Online,Low Volume,160567.57,Synthetic Academic Factorial Experiment,Synthetic observations created to demonstrate factorial experimental design.
20,Online,Low Volume,140612.09,Synthetic Academic Factorial Experiment,Synthetic observations created to demonstrate factorial experimental design.
21,Online,Low Volume,170264.91,Synthetic Academic Factorial Experiment,Synthetic observations created to demonstrate factorial experimental design.
22,Online,Low Volume,135905.39,Synthetic Academic Factorial Experiment,Synthetic observations created to demonstrate factorial experimental design.
23,Online,Low Volume,175317.84,Synthetic Academic Factorial Experiment,Synthetic observations created to demonstrate factorial experimental design.
24,Online,Low Volume,140625.88,Synthetic Academic Factorial Experiment,Synthetic observations created to demonstrate factorial experimental design.
25,Online,Low Volume,142596.58,Synthetic Academic Factorial Experiment,Synthetic observations created to demonstrate factorial experimental design.
26,Online,Low Volume,131607.22,Synthetic Academic Factorial Experiment,Synthetic observations created to demonstrate factorial experimental design.
27,Online,Low Volume,134563.33,Synthetic Academic Factorial Experiment,Synthetic observations created to demonstrate factorial experimental design.
28,Online,Low Volume,143518.24,Synthetic Academic Factorial Experiment,Synthetic observations created to demonstrate factorial experimental design.
29,Online,Low Volume,107435.73,Synthetic Academic Factorial Experiment,Synthetic observations created to demonstrate factorial experimental design.
30,Online,Low Volume,147000.02,Synthetic Academic Factorial Experiment,Synthetic observations created to demonstrate factorial experimental design.
31,Online,Low Volume,142056.46,Synthetic Academic Factorial Experiment,Synthetic observations created to demonstrate factorial experimental design.
32,Online,Low Volume,165420.2,Synthetic Academic Factorial Experiment,Synthetic observations created to demonstrate factorial experimental design.
33,Online,Low Volume,158813.65,Synthetic Academic Factorial Experiment,Synthetic observations created to demonstrate factorial experimental design.
34,Online,Low Volume,138462.53,Synthetic Academic Factorial Experiment,Synthetic observations created to demonstrate factorial experimental design.
35,Online,Low Volume,142946.09,Synthetic Academic Factorial Experiment,Synthetic observations created to demonstrate factorial experimental design.
36,Online,Low Volume,146976.88,Synthetic Academic Factorial Experiment,Synthetic observations created to demonstrate factorial experimental design.
37,Online,Low Volume,177947.22,Synthetic Academic Factorial Experiment,Synthetic observations created to demonstrate factorial experimental design.
38,Online,Low Volume,136398.52,Synthetic Academic Factorial Experiment,Synthetic observations created to demonstrate factorial experimental design.
39,Online,Low Volume,138244.31,Synthetic Academic Factorial Experiment,Synthetic observations created to demonstrate factorial experimental design.
40,Online,Low Volume,130885.49,Synthetic Academic Factorial Experiment,Synthetic observations created to demonstrate factorial experimental design.
41,Online,Low Volume,124523.29,Synthetic Academic Factorial Experiment,Synthetic observations created to demonstrate factorial experimental design.
42,Online,Low Volume,156726.07,Synthetic Academic Factorial Experiment,Synthetic observations created to demonstrate factorial experimental design.
43,Online,Low Volume,154852.26,Synthetic Academic Factorial Experiment,Synthetic observations created to demonstrate factorial experimental design.
44,Online,Low Volume,174289.71,Synthetic Academic Factorial Experiment,Synthetic observations created to demonstrate factorial experimental design.
45,Online,Low Volume,169945.36,Synthetic Academic Factorial Experiment,Synthetic observations created to demonstrate factorial experimental design.
46,Online,Low Volume,194348.1,Synthetic Academic Factorial Experiment,Synthetic observations created to demonstrate factorial experimental design.
47,Online,Low Volume,149870.29,Synthetic Academic Factorial Experiment,Synthetic observations created to demonstrate factorial experimental design.
48,Online,Low Volume,146510.47,Synthetic Academic Factorial Experiment,Synthetic observations created to demonstrate factorial experimental design.
49,Online,Low Volume,127795.93,Synthetic Academic Factorial Experiment,Synthetic observations created to demonstrate factorial experimental design.
50,Online,Low Volume,163738.41,Synthetic Academic Factorial Experiment,Synthetic observations created to demonstrate factorial experimental design.
51,Online,Low Volume,153333.62,Synthetic Academic Factorial Experiment,Synthetic observations created to demonstrate factorial experimental design.
52,Online,Low Volume,162922.79,Synthetic Academic Factorial Experiment,Synthetic observations created to demonstrate factorial experimental design.
53,Online,Low Volume,130695.76,Synthetic Academic Factorial Experiment,Synthetic observations created to demonstrate factorial experimental design.
54,Online,Low Volume,157528.88,Synthetic Academic Factorial Experiment,Synthetic observations created to demonstrate factorial experimental design.
55,Online,Low Volume,154893.59,Synthetic Academic Factorial Experiment,Synthetic observations created to demonstrate factorial experimental design.
56,Online,Low Volume,153702.63,Synthetic Academic Factorial Experiment,Synthetic observations created to demonstrate factorial experimental design.
57,Online,Low Volume,138901.21,Synthetic Academic Factorial Experiment,Synthetic observations created to demonstrate factorial experimental design.
58,Online,Low Volume,172607.84,Synthetic Academic Factorial Experiment,Synthetic observations created to demonstrate factorial experimental design.
59,Online,Low Volume,188105.54,Synthetic Academic Factorial Experiment,Synthetic observations created to demonstrate factorial experimental design.
60,Online,Low Volume,131213.81,Synthetic Academic Factorial Experiment,Synthetic observations created to demonstrate factorial experimental design.
61,Online,Medium Volume,201967.99,Synthetic Academic Factorial Experiment,Synthetic observations created to demonstrate factorial experimental design.
62,Online,Medium Volume,137198.7,Synthetic Academic Factorial Experiment,Synthetic observations created to demonstrate factorial experimental design.
63,Online,Medium Volume,201034.98,Synthetic Academic Factorial Experiment,Synthetic observations created to demonstrate factorial experimental design.
64,Online,Medium Volume,155337.22,Synthetic Academic Factorial Experiment,Synthetic observations created to demonstrate factorial experimental design.
65,Online,Medium Volume,179550.59,Synthetic Academic Factorial Experiment,Synthetic observations created to demonstrate factorial experimental design.
66,Online,Medium Volume,165365.56,Synthetic Academic Factorial Experiment,Synthetic observations created to demonstrate factorial experimental design.
67,Online,Medium Volume,185118.99,Synthetic Academic Factorial Experiment,Synthetic observations created to demonstrate factorial experimental design.
68,Online,Medium Volume,204098.29,Synthetic Academic Factorial Experiment,Synthetic observations created to demonstrate factorial experimental design.
69,Online,Medium Volume,155568.36,Synthetic Academic Factorial Experiment,Synthetic observations created to demonstrate factorial experimental design.
70,Online,Medium Volume,182529.37,Synthetic Academic Factorial Experiment,Synthetic observations created to demonstrate factorial experimental design.
71,Online,Medium Volume,179759.36,Synthetic Academic Factorial Experiment,Synthetic observations created to demonstrate factorial experimental design.
72,Online,Medium Volume,217458.88,Synthetic Academic Factorial Experiment,Synthetic observations created to demonstrate factorial experimental design.
73,Online,Medium Volume,196771.7,Synthetic Academic Factorial Experiment,Synthetic observations created to demonstrate factorial experimental design.
74,Online,Medium Volume,167810.09,Synthetic Academic Factorial Experiment,Synthetic observations created to demonstrate factorial experimental design.
75,Online,Medium Volume,180516.7,Synthetic Academic Factorial Experiment,Synthetic observations created to demonstrate factorial experimental design.
76,Online,Medium Volume,217009.88,Synthetic Academic Factorial Experiment,Synthetic observations created to demonstrate factorial experimental design.
77,Online,Medium Volume,201858.58,Synthetic Academic Factorial Experiment,Synthetic observations created to demonstrate factorial experimental design.
78,Online,Medium Volume,172471.8,Synthetic Academic Factorial Experiment,Synthetic observations created to demonstrate factorial experimental design.
79,Online,Medium Volume,184192.73,Synthetic Academic Factorial Experiment,Synthetic observations created to demonstrate factorial experimental design.
80,Online,Medium Volume,184768.04,Synthetic Academic Factorial Experiment,Synthetic observations created to demonstrate factorial experimental design.
81,Online,Medium Volume,179316.33,Synthetic Academic Factorial Experiment,Synthetic observations created to demonstrate factorial experimental design.
82,Online,Medium Volume,158216.18,Synthetic Academic Factorial Experiment,Synthetic observations created to demonstrate factorial experimental design.
83,Online,Medium Volume,176802.81,Synthetic Academic Factorial Experiment,Synthetic observations created to demonstrate factorial experimental design.
84,Online,Medium Volume,214005.59,Synthetic Academic Factorial Experiment,Synthetic observations created to demonstrate factorial experimental design.
85,Online,Medium Volume,182139.4,Synthetic Academic Factorial Experiment,Synthetic observations created to demonstrate factorial experimental design.
86,Online,Medium Volume,187141.43,Synthetic Academic Factorial Experiment,Synthetic observations created to demonstrate factorial experimental design.
87,Online,Medium Volume,191529.46,Synthetic Academic Factorial Experiment,Synthetic observations created to demonstrate factorial experimental design.
88,Online,Medium Volume,228926.55,Synthetic Academic Factorial Experiment,Synthetic observations created to demonstrate factorial experimental design.
89,Online,Medium Volume,189159.75,Synthetic Academic Factorial Experiment,Synthetic observations created to demonstrate factorial experimental design.
90,Online,Medium Volume,208691.02,Synthetic Academic Factorial Experiment,Synthetic observations created to demonstrate factorial experimental design.
91,Online,Medium Volume,178232.76,Synthetic Academic Factorial Experiment,Synthetic observations created to demonstrate factorial experimental design.
92,Online,Medium Volume,184330.81,Synthetic Academic Factorial Experiment,Synthetic observations created to demonstrate factorial experimental design.
93,Online,Medium Volume,189225.95,Synthetic Academic Factorial Experiment,Synthetic observations created to demonstrate factorial experimental design.
94,Online,Medium Volume,175065.61,Synthetic Academic Factorial Experiment,Synthetic observations created to demonstrate factorial experimental design.
95,Online,Medium Volume,185333.08,Synthetic Academic Factorial Experiment,Synthetic observations created to demonstrate factorial experimental design.
96,Online,Medium Volume,204984.92,Synthetic Academic Factorial Experiment,Synthetic observations created to demonstrate factorial experimental design.
97,Online,Medium Volume,174593.44,Synthetic Academic Factorial Experiment,Synthetic observations created to demonstrate factorial experimental design.
98,Online,Medium Volume,189001.6,Synthetic Academic Factorial Experiment,Synthetic observations created to demonstrate factorial experimental design.
99,Online,Medium Volume,201757.2,Synthetic Academic Factorial Experiment,Synthetic observations created to demonstrate factorial experimental design.
100,Online,Medium Volume,174159.61,Synthetic Academic Factorial Experiment,Synthetic observations created to demonstrate factorial experimental design.
101,Online,Medium Volume,208717.45,Synthetic Academic Factorial Experiment,Synthetic observations created to demonstrate factorial experimental design.
102,Online,Medium Volume,190311.9,Synthetic Academic Factorial Experiment,Synthetic observations created to demonstrate factorial experimental design.
103,Online,Medium Volume,186027.79,Synthetic Academic Factorial Experiment,Synthetic observations created to demonstrate factorial experimental design.
104,Online,Medium Volume,152853.34,Synthetic Academic Factorial Experiment,Synthetic observations created to demonstrate factorial experimental design.
105,Online,Medium Volume,182274.98,Synthetic Academic Factorial Experiment,Synthetic observations created to demonstrate factorial experimental design.
106,Online,Medium Volume,195688.66,Synthetic Academic Factorial Experiment,Synthetic observations created to demonstrate factorial experimental design.
107,Online,Medium Volume,220416.21,Synthetic Academic Factorial Experiment,Synthetic observations created to demonstrate factorial experimental design.
108,Online,Medium Volume,199222.0,Synthetic Academic Factorial Experiment,Synthetic observations created to demonstrate factorial experimental design.
109,Online,Medium Volume,209271.89,Synthetic Academic Factorial Experiment,Synthetic observations created to demonstrate factorial experimental design.
110,Online,Medium Volume,167236.12,Synthetic Academic Factorial Experiment,Synthetic observations created to demonstrate factorial experimental design.
111,Online,Medium Volume,186717.2,Synthetic Academic Factorial Experiment,Synthetic observations created to demonstrate factorial experimental design.
112,Online,Medium Volume,210973.44,Synthetic Academic Factorial Experiment,Synthetic observations created to demonstrate factorial experimental design.
113,Online,Medium Volume,173020.8,Synthetic Academic Factorial Experiment,Synthetic observations created to demonstrate factorial experimental design.
114,Online,Medium Volume,206374.01,Synthetic Academic Factorial Experiment,Synthetic observations created to demonstrate factorial experimental design.
115,Online,Medium Volume,202199.72,Synthetic Academic Factorial Experiment,Synthetic observations created to demonstrate factorial experimental design.
116,Online,Medium Volume,193945.03,Synthetic Academic Factorial Experiment,Synthetic observations created to demonstrate factorial experimental design.
117,Online,Medium Volume,183083.35,Synthetic Academic Factorial Experiment,Synthetic observations created to demonstrate factorial experimental design.
118,Online,Medium Volume,171246.69,Synthetic Academic Factorial Experiment,Synthetic observations created to demonstrate factorial experimental design.
119,Online,Medium Volume,220956.83,Synthetic Academic Factorial Experiment,Synthetic observations created to demonstrate factorial experimental design.
120,Online,Medium Volume,200373.53,Synthetic Academic Factorial Experiment,Synthetic observations created to demonstrate factorial experimental design.
121,Online,High Volume,251831.09,Synthetic Academic Factorial Experiment,Synthetic observations created to demonstrate factorial experimental design.
122,Online,High Volume,238268.7,Synthetic Academic Factorial Experiment,Synthetic observations created to demonstrate factorial experimental design.
123,Online,High Volume,246381.69,Synthetic Academic Factorial Experiment,Synthetic observations created to demonstrate factorial experimental design.
124,Online,High Volume,248664.91,Synthetic Academic Factorial Experiment,Synthetic observations created to demonstrate factorial experimental design.
125,Online,High Volume,252897.76,Synthetic Academic Factorial Experiment,Synthetic observations created to demonstrate factorial experimental design.
126,Online,High Volume,258918.13,Synthetic Academic Factorial Experiment,Synthetic observations created to demonstrate factorial experimental design.
127,Online,High Volume,231615.51,Synthetic Academic Factorial Experiment,Synthetic observations created to demonstrate factorial experimental design.
128,Online,High Volume,219301.25,Synthetic Academic Factorial Experiment,Synthetic observations created to demonstrate factorial experimental design.
129,Online,High Volume,247217.06,Synthetic Academic Factorial Experiment,Synthetic observations created to demonstrate factorial experimental design.
130,Online,High Volume,214250.09,Synthetic Academic Factorial Experiment,Synthetic observations created to demonstrate factorial experimental design.
131,Online,High Volume,239874.1,Synthetic Academic Factorial Experiment,Synthetic observations created to demonstrate factorial experimental design.
132,Online,High Volume,236534.58,Synthetic Academic Factorial Experiment,Synthetic observations created to demonstrate factorial experimental design.
133,Online,High Volume,254551.47,Synthetic Academic Factorial Experiment,Synthetic observations created to demonstrate factorial experimental design.
134,Online,High Volume,281386.75,Synthetic Academic Factorial Experiment,Synthetic observations created to demonstrate factorial experimental design.
135,Online,High Volume,210697.37,Synthetic Academic Factorial Experiment,Synthetic observations created to demonstrate factorial experimental design.
136,Online,High Volume,286635.33,Synthetic Academic Factorial Experiment,Synthetic observations created to demonstrate factorial experimental design.
137,Online,High Volume,241504.65,Synthetic Academic Factorial Experiment,Synthetic observations created to demonstrate factorial experimental design.
138,Online,High Volume,251960.56,Synthetic Academic Factorial Experiment,Synthetic observations created to demonstrate factorial experimental design.
139,Online,High Volume,220233.02,Synthetic Academic Factorial Experiment,Synthetic observations created to demonstrate factorial experimental design.
140,Online,High Volume,263643.69,Synthetic Academic Factorial Experiment,Synthetic observations created to demonstrate factorial experimental design.
141,Online,High Volume,246446.51,Synthetic Academic Factorial Experiment,Synthetic observations created to demonstrate factorial experimental design.
142,Online,High Volume,244593.59,Synthetic Academic Factorial Experiment,Synthetic observations created to demonstrate factorial experimental design.
143,Online,High Volume,210827.07,Synthetic Academic Factorial Experiment,Synthetic observations created to demonstrate factorial experimental design.
144,Online,High Volume,247028.34,Synthetic Academic Factorial Experiment,Synthetic observations created to demonstrate factorial experimental design.
145,Online,High Volume,260924.91,Synthetic Academic Factorial Experiment,Synthetic observations created to demonstrate factorial experimental design.
146,Online,High Volume,241446.98,Synthetic Academic Factorial Experiment,Synthetic observations created to demonstrate factorial experimental design.
147,Online,High Volume,266835.59,Synthetic Academic Factorial Experiment,Synthetic observations created to demonstrate factorial experimental design.
148,Online,High Volume,266092.11,Synthetic Academic Factorial Experiment,Synthetic observations created to demonstrate factorial experimental design.
149,Online,High Volume,234160.28,Synthetic Academic Factorial Experiment,Synthetic observations created to demonstrate factorial experimental design.
150,Online,High Volume,274412.05,Synthetic Academic Factorial Experiment,Synthetic observations created to demonstrate factorial experimental design.
151,Online,High Volume,246515.31,Synthetic Academic Factorial Experiment,Synthetic observations created to demonstrate factorial experimental design.
152,Online,High Volume,246595.41,Synthetic Academic Factorial Experiment,Synthetic observations created to demonstrate factorial experimental design.
153,Online,High Volume,247481.66,Synthetic Academic Factorial Experiment,Synthetic observations created to demonstrate factorial experimental design.
154,Online,High Volume,246947.68,Synthetic Academic Factorial Experiment,Synthetic observations created to demonstrate factorial experimental design.
155,Online,High Volume,198357.6,Synthetic Academic Factorial Experiment,Synthetic observations created to demonstrate factorial experimental design.
156,Online,High Volume,242360.88,Synthetic Academic Factorial Experiment,Synthetic observations created to demonstrate factorial experimental design.
157,Online,High Volume,221148.96,Synthetic Academic Factorial Experiment,Synthetic observations created to demonstrate factorial experimental design.
158,Online,High Volume,274974.04,Synthetic Academic Factorial Experiment,Synthetic observations created to demonstrate factorial experimental design.
159,Online,High Volume,274249.49,Synthetic Academic Factorial Experiment,Synthetic observations created to demonstrate factorial experimental design.
160,Online,High Volume,261034.89,Synthetic Academic Factorial Experiment,Synthetic observations created to demonstrate factorial experimental design.
161,Online,High Volume,241407.59,Synthetic Academic Factorial Experiment,Synthetic observations created to demonstrate factorial experimental design.
162,Online,High Volume,227555.73,Synthetic Academic Factorial Experiment,Synthetic observations created to demonstrate factorial experimental design.
163,Online,High Volume,233863.54,Synthetic Academic Factorial Experiment,Synthetic observations created to demonstrate factorial experimental design.
164,Online,High Volume,280667.55,Synthetic Academic Factorial Experiment,Synthetic observations created to demonstrate factorial experimental design.
165,Online,High Volume,233240.45,Synthetic Academic Factorial Experiment,Synthetic observations created to demonstrate factorial experimental design.
166,Online,High Volume,203299.28,Synthetic Academic Factorial Experiment,Synthetic observations created to demonstrate factorial experimental design.
167,Online,High Volume,264242.98,Synthetic Academic Factorial Experiment,Synthetic observations created to demonstrate factorial experimental design.
168,Online,High Volume,272709.06,Synthetic Academic Factorial Experiment,Synthetic observations created to demonstrate factorial experimental design.
169,Online,High Volume,275565.88,Synthetic Academic Factorial Experiment,Synthetic observations created to demonstrate factorial experimental design.
170,Online,High Volume,264390.26,Synthetic Academic Factorial Experiment,Synthetic observations created to demonstrate factorial experimental design.
171,Online,High Volume,267327.35,Synthetic Academic Factorial Experiment,Synthetic observations created to demonstrate factorial experimental design.
172,Online,High Volume,246652.81,Synthetic Academic Factorial Experiment,Synthetic observations created to demonstrate factorial experimental design.
173,Online,High Volume,208326.68,Synthetic Academic Factorial Experiment,Synthetic observations created to demonstrate factorial experimental design.
174,Online,High Volume,246201.86,Synthetic Academic Factorial Experiment,Synthetic observations created to demonstrate factorial experimental design.
175,Online,High Volume,256888.31,Synthetic Academic Factorial Experiment,Synthetic observations created to demonstrate factorial experimental design.
176,Online,High Volume,243265.14,Synthetic Academic Factorial Experiment,Synthetic observations created to demonstrate factorial experimental design.
177,Online,High Volume,242444.95,Synthetic Academic Factorial Experiment,Synthetic observations created to demonstrate factorial experimental design.
178,Online,High Volume,228345.88,Synthetic Academic Factorial Experiment,Synthetic observations created to demonstrate factorial experimental design.
179,Online,High Volume,227668.7,Synthetic Academic Factorial Experiment,Synthetic observations created to demonstrate factorial experimental design.
180,Online,High Volume,278786.67,Synthetic Academic Factorial Experiment,Synthetic observations created to demonstrate factorial experimental design.
181,In-store,Low Volume,177738.23,Synthetic Academic Factorial Experiment,Synthetic observations created to demonstrate factorial experimental design.
182,In-store,Low Volume,143952.35,Synthetic Academic Factorial Experiment,Synthetic observations created to demonstrate factorial experimental design.
183,In-store,Low Volume,149067.42,Synthetic Academic Factorial Experiment,Synthetic observations created to demonstrate factorial experimental design.
184,In-store,Low Volume,126344.55,Synthetic Academic Factorial Experiment,Synthetic observations created to demonstrate factorial experimental design.
185,In-store,Low Volume,155566.35,Synthetic Academic Factorial Experiment,Synthetic observations created to demonstrate factorial experimental design.
186,In-store,Low Volume,175673.69,Synthetic Academic Factorial Experiment,Synthetic observations created to demonstrate factorial experimental design.
187,In-store,Low Volume,116473.85,Synthetic Academic Factorial Experiment,Synthetic observations created to demonstrate factorial experimental design.
188,In-store,Low Volume,152349.9,Synthetic Academic Factorial Experiment,Synthetic observations created to demonstrate factorial experimental design.
189,In-store,Low Volume,153702.4,Synthetic Academic Factorial Experiment,Synthetic observations created to demonstrate factorial experimental design.
190,In-store,Low Volume,153496.92,Synthetic Academic Factorial Experiment,Synthetic observations created to demonstrate factorial experimental design.
191,In-store,Low Volume,173570.72,Synthetic Academic Factorial Experiment,Synthetic observations created to demonstrate factorial experimental design.
192,In-store,Low Volume,180648.33,Synthetic Academic Factorial Experiment,Synthetic observations created to demonstrate factorial experimental design.
193,In-store,Low Volume,139797.29,Synthetic Academic Factorial Experiment,Synthetic observations created to demonstrate factorial experimental design.
194,In-store,Low Volume,156117.13,Synthetic Academic Factorial Experiment,Synthetic observations created to demonstrate factorial experimental design.
195,In-store,Low Volume,145516.21,Synthetic Academic Factorial Experiment,Synthetic observations created to demonstrate factorial experimental design.
196,In-store,Low Volume,132621.92,Synthetic Academic Factorial Experiment,Synthetic observations created to demonstrate factorial experimental design.
197,In-store,Low Volume,148874.65,Synthetic Academic Factorial Experiment,Synthetic observations created to demonstrate factorial experimental design.
198,In-store,Low Volume,156086.99,Synthetic Academic Factorial Experiment,Synthetic observations created to demonstrate factorial experimental design.
199,In-store,Low Volume,147904.72,Synthetic Academic Factorial Experiment,Synthetic observations created to demonstrate factorial experimental design.
200,In-store,Low Volume,128138.74,Synthetic Academic Factorial Experiment,Synthetic observations created to demonstrate factorial experimental design.
201,In-store,Low Volume,135655.91,Synthetic Academic Factorial Experiment,Synthetic observations created to demonstrate factorial experimental design.
202,In-store,Low Volume,135793.67,Synthetic Academic Factorial Experiment,Synthetic observations created to demonstrate factorial experimental design.
203,In-store,Low Volume,128836.01,Synthetic Academic Factorial Experiment,Synthetic observations created to demonstrate factorial experimental design.
204,In-store,Low Volume,149643.71,Synthetic Academic Factorial Experiment,Synthetic observations created to demonstrate factorial experimental design.
205,In-store,Low Volume,151526.02,Synthetic Academic Factorial Experiment,Synthetic observations created to demonstrate factorial experimental design.
206,In-store,Low Volume,161631.32,Synthetic Academic Factorial Experiment,Synthetic observations created to demonstrate factorial experimental design.
207,In-store,Low Volume,128562.8,Synthetic Academic Factorial Experiment,Synthetic observations created to demonstrate factorial experimental design.
208,In-store,Low Volume,133605.38,Synthetic Academic Factorial Experiment,Synthetic observations created to demonstrate factorial experimental design.
209,In-store,Low Volume,171982.25,Synthetic Academic Factorial Experiment,Synthetic observations created to demonstrate factorial experimental design.
210,In-store,Low Volume,141039.07,Synthetic Academic Factorial Experiment,Synthetic observations created to demonstrate factorial experimental design.
211,In-store,Low Volume,144542.36,Synthetic Academic Factorial Experiment,Synthetic observations created to demonstrate factorial experimental design.
212,In-store,Low Volume,140848.13,Synthetic Academic Factorial Experiment,Synthetic observations created to demonstrate factorial experimental design.
213,In-store,Low Volume,164394.55,Synthetic Academic Factorial Experiment,Synthetic observations created to demonstrate factorial experimental design.
214,In-store,Low Volume,165092.56,Synthetic Academic Factorial Experiment,Synthetic observations created to demonstrate factorial experimental design.
215,In-store,Low Volume,164037.75,Synthetic Academic Factorial Experiment,Synthetic observations created to demonstrate factorial experimental design.
216,In-store,Low Volume,144478.22,Synthetic Academic Factorial Experiment,Synthetic observations created to demonstrate factorial experimental design.
217,In-store,Low Volume,128296.15,Synthetic Academic Factorial Experiment,Synthetic observations created to demonstrate factorial experimental design.
218,In-store,Low Volume,178653.84,Synthetic Academic Factorial Experiment,Synthetic observations created to demonstrate factorial experimental design.
219,In-store,Low Volume,159413.56,Synthetic Academic Factorial Experiment,Synthetic observations created to demonstrate factorial experimental design.
220,In-store,Low Volume,135780.14,Synthetic Academic Factorial Experiment,Synthetic observations created to demonstrate factorial experimental design.
221,In-store,Low Volume,169628.74,Synthetic Academic Factorial Experiment,Synthetic observations created to demonstrate factorial experimental design.
222,In-store,Low Volume,134359.04,Synthetic Academic Factorial Experiment,Synthetic observations created to demonstrate factorial experimental design.
223,In-store,Low Volume,169392.66,Synthetic Academic Factorial Experiment,Synthetic observations created to demonstrate factorial experimental design.
224,In-store,Low Volume,170609.12,Synthetic Academic Factorial Experiment,Synthetic observations created to demonstrate factorial experimental design.
225,In-store,Low Volume,127413.31,Synthetic Academic Factorial Experiment,Synthetic observations created to demonstrate factorial experimental design.
226,In-store,Low Volume,154471.65,Synthetic Academic Factorial Experiment,Synthetic observations created to demonstrate factorial experimental design.
227,In-store,Low Volume,158079.43,Synthetic Academic Factorial Experiment,Synthetic observations created to demonstrate factorial experimental design.
228,In-store,Low Volume,191068.37,Synthetic Academic Factorial Experiment,Synthetic observations created to demonstrate factorial experimental design.
229,In-store,Low Volume,130638.58,Synthetic Academic Factorial Experiment,Synthetic observations created to demonstrate factorial experimental design.
230,In-store,Low Volume,169785.78,Synthetic Academic Factorial Experiment,Synthetic observations created to demonstrate factorial experimental design.
231,In-store,Low Volume,144312.23,Synthetic Academic Factorial Experiment,Synthetic observations created to demonstrate factorial experimental design.
232,In-store,Low Volume,121655.44,Synthetic Academic Factorial Experiment,Synthetic observations created to demonstrate factorial experimental design.
233,In-store,Low Volume,141840.23,Synthetic Academic Factorial Experiment,Synthetic observations created to demonstrate factorial experimental design.
234,In-store,Low Volume,144044.37,Synthetic Academic Factorial Experiment,Synthetic observations created to demonstrate factorial experimental design.
235,In-store,Low Volume,124939.98,Synthetic Academic Factorial Experiment,Synthetic observations created to demonstrate factorial experimental design.
236,In-store,Low Volume,149619.13,Synthetic Academic Factorial Experiment,Synthetic observations created to demonstrate factorial experimental design.
237,In-store,Low Volume,161240.57,Synthetic Academic Factorial Experiment,Synthetic observations created to demonstrate factorial experimental design.
238,In-store,Low Volume,148287.61,Synthetic Academic Factorial Experiment,Synthetic observations created to demonstrate factorial experimental design.
239,In-store,Low Volume,134246.81,Synthetic Academic Factorial Experiment,Synthetic observations created to demonstrate factorial experimental design.
240,In-store,Low Volume,141327.5,Synthetic Academic Factorial Experiment,Synthetic observations created to demonstrate factorial experimental design.
241,In-store,Medium Volume,179918.22,Synthetic Academic Factorial Experiment,Synthetic observations created to demonstrate factorial experimental design.
242,In-store,Medium Volume,183911.79,Synthetic Academic Factorial Experiment,Synthetic observations created to demonstrate factorial experimental design.
243,In-store,Medium Volume,199976.95,Synthetic Academic Factorial Experiment,Synthetic observations created to demonstrate factorial experimental design.
244,In-store,Medium Volume,184894.92,Synthetic Academic Factorial Experiment,Synthetic observations created to demonstrate factorial experimental design.
245,In-store,Medium Volume,154751.46,Synthetic Academic Factorial Experiment,Synthetic observations created to demonstrate factorial experimental design.
246,In-store,Medium Volume,169878.22,Synthetic Academic Factorial Experiment,Synthetic observations created to demonstrate factorial experimental design.
247,In-store,Medium Volume,182988.38,Synthetic Academic Factorial Experiment,Synthetic observations created to demonstrate factorial experimental design.
248,In-store,Medium Volume,200234.24,Synthetic Academic Factorial Experiment,Synthetic observations created to demonstrate factorial experimental design.
249,In-store,Medium Volume,203361.24,Synthetic Academic Factorial Experiment,Synthetic observations created to demonstrate factorial experimental design.
250,In-store,Medium Volume,211944.34,Synthetic Academic Factorial Experiment,Synthetic observations created to demonstrate factorial experimental design.
251,In-store,Medium Volume,182351.06,Synthetic Academic Factorial Experiment,Synthetic observations created to demonstrate factorial experimental design.
252,In-store,Medium Volume,193739.57,Synthetic Academic Factorial Experiment,Synthetic observations created to demonstrate factorial experimental design.
253,In-store,Medium Volume,153819.69,Synthetic Academic Factorial Experiment,Synthetic observations created to demonstrate factorial experimental design.
254,In-store,Medium Volume,187737.87,Synthetic Academic Factorial Experiment,Synthetic observations created to demonstrate factorial experimental design.
255,In-store,Medium Volume,160645.25,Synthetic Academic Factorial Experiment,Synthetic observations created to demonstrate factorial experimental design.
256,In-store,Medium Volume,178874.29,Synthetic Academic Factorial Experiment,Synthetic observations created to demonstrate factorial experimental design.
257,In-store,Medium Volume,234537.09,Synthetic Academic Factorial Experiment,Synthetic observations created to demonstrate factorial experimental design.
258,In-store,Medium Volume,185463.98,Synthetic Academic Factorial Experiment,Synthetic observations created to demonstrate factorial experimental design.
259,In-store,Medium Volume,164451.36,Synthetic Academic Factorial Experiment,Synthetic observations created to demonstrate factorial experimental design.
260,In-store,Medium Volume,187340.2,Synthetic Academic Factorial Experiment,Synthetic observations created to demonstrate factorial experimental design.
261,In-store,Medium Volume,170692.65,Synthetic Academic Factorial Experiment,Synthetic observations created to demonstrate factorial experimental design.
262,In-store,Medium Volume,162706.61,Synthetic Academic Factorial Experiment,Synthetic observations created to demonstrate factorial experimental design.
263,In-store,Medium Volume,217856.51,Synthetic Academic Factorial Experiment,Synthetic observations created to demonstrate factorial experimental design.
264,In-store,Medium Volume,199202.62,Synthetic Academic Factorial Experiment,Synthetic observations created to demonstrate factorial experimental design.
265,In-store,Medium Volume,186219.66,Synthetic Academic Factorial Experiment,Synthetic observations created to demonstrate factorial experimental design.
266,In-store,Medium Volume,172947.18,Synthetic Academic Factorial Experiment,Synthetic observations created to demonstrate factorial experimental design.
267,In-store,Medium Volume,174405.79,Synthetic Academic Factorial Experiment,Synthetic observations created to demonstrate factorial experimental design.
268,In-store,Medium Volume,207764.67,Synthetic Academic Factorial Experiment,Synthetic observations created to demonstrate factorial experimental design.
269,In-store,Medium Volume,185518.4,Synthetic Academic Factorial Experiment,Synthetic observations created to demonstrate factorial experimental design.
270,In-store,Medium Volume,124509.51,Synthetic Academic Factorial Experiment,Synthetic observations created to demonstrate factorial experimental design.
271,In-store,Medium Volume,223576.89,Synthetic Academic Factorial Experiment,Synthetic observations created to demonstrate factorial experimental design.
272,In-store,Medium Volume,183295.12,Synthetic Academic Factorial Experiment,Synthetic observations created to demonstrate factorial experimental design.
273,In-store,Medium Volume,186180.64,Synthetic Academic Factorial Experiment,Synthetic observations created to demonstrate factorial experimental design.
274,In-store,Medium Volume,199560.51,Synthetic Academic Factorial Experiment,Synthetic observations created to demonstrate factorial experimental design.
275,In-store,Medium Volume,188377.25,Synthetic Academic Factorial Experiment,Synthetic observations created to demonstrate factorial experimental design.
276,In-store,Medium Volume,193444.36,Synthetic Academic Factorial Experiment,Synthetic observations created to demonstrate factorial experimental design.
277,In-store,Medium Volume,172372.98,Synthetic Academic Factorial Experiment,Synthetic observations created to demonstrate factorial experimental design.
278,In-store,Medium Volume,157863.68,Synthetic Academic Factorial Experiment,Synthetic observations created to demonstrate factorial experimental design.
279,In-store,Medium Volume,185044.19,Synthetic Academic Factorial Experiment,Synthetic observations created to demonstrate factorial experimental design.
280,In-store,Medium Volume,205769.06,Synthetic Academic Factorial Experiment,Synthetic observations created to demonstrate factorial experimental design.
281,In-store,Medium Volume,168339.55,Synthetic Academic Factorial Experiment,Synthetic observations created to demonstrate factorial experimental design.
282,In-store,Medium Volume,166895.57,Synthetic Academic Factorial Experiment,Synthetic observations created to demonstrate factorial experimental design.
283,In-store,Medium Volume,201978.35,Synthetic Academic Factorial Experiment,Synthetic observations created to demonstrate factorial experimental design.
284,In-store,Medium Volume,171769.59,Synthetic Academic Factorial Experiment,Synthetic observations created to demonstrate factorial experimental design.
285,In-store,Medium Volume,172609.92,Synthetic Academic Factorial Experiment,Synthetic observations created to demonstrate factorial experimental design.
286,In-store,Medium Volume,173283.4,Synthetic Academic Factorial Experiment,Synthetic observations created to demonstrate factorial experimental design.
287,In-store,Medium Volume,178830.34,Synthetic Academic Factorial Experiment,Synthetic observations created to demonstrate factorial experimental design.
288,In-store,Medium Volume,151674.51,Synthetic Academic Factorial Experiment,Synthetic observations created to demonstrate factorial experimental design.
289,In-store,Medium Volume,170291.88,Synthetic Academic Factorial Experiment,Synthetic observations created to demonstrate factorial experimental design.
290,In-store,Medium Volume,184146.62,Synthetic Academic Factorial Experiment,Synthetic observations created to demonstrate factorial experimental design.
291,In-store,Medium Volume,184018.28,Synthetic Academic Factorial Experiment,Synthetic observations created to demonstrate factorial experimental design.
292,In-store,Medium Volume,200843.87,Synthetic Academic Factorial Experiment,Synthetic observations created to demonstrate factorial experimental design.
293,In-store,Medium Volume,213109.06,Synthetic Academic Factorial Experiment,Synthetic observations created to demonstrate factorial experimental design.
294,In-store,Medium Volume,207224.7,Synthetic Academic Factorial Experiment,Synthetic observations created to demonstrate factorial experimental design.
295,In-store,Medium Volume,196463.74,Synthetic Academic Factorial Experiment,Synthetic observations created to demonstrate factorial experimental design.
296,In-store,Medium Volume,177322.78,Synthetic Academic Factorial Experiment,Synthetic observations created to demonstrate factorial experimental design.
297,In-store,Medium Volume,168784.76,Synthetic Academic Factorial Experiment,Synthetic observations created to demonstrate factorial experimental design.
298,In-store,Medium Volume,180321.81,Synthetic Academic Factorial Experiment,Synthetic observations created to demonstrate factorial experimental design.
299,In-store,Medium Volume,190540.42,Synthetic Academic Factorial Experiment,Synthetic observations created to demonstrate factorial experimental design.
300,In-store,Medium Volume,194794.88,Synthetic Academic Factorial Experiment,Synthetic observations created to demonstrate factorial experimental design.
301,In-store,High Volume,236215.54,Synthetic Academic Factorial Experiment,Synthetic observations created to demonstrate factorial experimental design.
302,In-store,High Volume,222818.84,Synthetic Academic Factorial Experiment,Synthetic observations created to demonstrate factorial experimental design.
303,In-store,High Volume,239163.52,Synthetic Academic Factorial Experiment,Synthetic observations created to demonstrate factorial experimental design.
304,In-store,High Volume,247695.71,Synthetic Academic Factorial Experiment,Synthetic observations created to demonstrate factorial experimental design.
305,In-store,High Volume,240842.89,Synthetic Academic Factorial Experiment,Synthetic observations created to demonstrate factorial experimental design.
306,In-store,High Volume,224423.77,Synthetic Academic Factorial Experiment,Synthetic observations created to demonstrate factorial experimental design.
307,In-store,High Volume,209990.72,Synthetic Academic Factorial Experiment,Synthetic observations created to demonstrate factorial experimental design.
308,In-store,High Volume,209563.79,Synthetic Academic Factorial Experiment,Synthetic observations created to demonstrate factorial experimental design.
309,In-store,High Volume,212738.08,Synthetic Academic Factorial Experiment,Synthetic observations created to demonstrate factorial experimental design.
310,In-store,High Volume,229627.35,Synthetic Academic Factorial Experiment,Synthetic observations created to demonstrate factorial experimental design.
311,In-store,High Volume,234356.47,Synthetic Academic Factorial Experiment,Synthetic observations created to demonstrate factorial experimental design.
312,In-store,High Volume,199538.42,Synthetic Academic Factorial Experiment,Synthetic observations created to demonstrate factorial experimental design.
313,In-store,High Volume,215928.09,Synthetic Academic Factorial Experiment,Synthetic observations created to demonstrate factorial experimental design.
314,In-store,High Volume,229379.14,Synthetic Academic Factorial Experiment,Synthetic observations created to demonstrate factorial experimental design.
315,In-store,High Volume,208805.76,Synthetic Academic Factorial Experiment,Synthetic observations created to demonstrate factorial experimental design.
316,In-store,High Volume,232810.27,Synthetic Academic Factorial Experiment,Synthetic observations created to demonstrate factorial experimental design.
317,In-store,High Volume,219466.29,Synthetic Academic Factorial Experiment,Synthetic observations created to demonstrate factorial experimental design.
318,In-store,High Volume,211978.44,Synthetic Academic Factorial Experiment,Synthetic observations created to demonstrate factorial experimental design.
319,In-store,High Volume,225957.7,Synthetic Academic Factorial Experiment,Synthetic observations created to demonstrate factorial experimental design.
320,In-store,High Volume,232061.05,Synthetic Academic Factorial Experiment,Synthetic observations created to demonstrate factorial experimental design.
321,In-store,High Volume,209726.48,Synthetic Academic Factorial Experiment,Synthetic observations created to demonstrate factorial experimental design.
322,In-store,High Volume,220632.98,Synthetic Academic Factorial Experiment,Synthetic observations created to demonstrate factorial experimental design.
323,In-store,High Volume,233418.21,Synthetic Academic Factorial Experiment,Synthetic observations created to demonstrate factorial experimental design.
324,In-store,High Volume,211282.38,Synthetic Academic Factorial Experiment,Synthetic observations created to demonstrate factorial experimental design.
325,In-store,High Volume,195160.38,Synthetic Academic Factorial Experiment,Synthetic observations created to demonstrate factorial experimental design.
326,In-store,High Volume,197341.67,Synthetic Academic Factorial Experiment,Synthetic observations created to demonstrate factorial experimental design.
327,In-store,High Volume,217475.08,Synthetic Academic Factorial Experiment,Synthetic observations created to demonstrate factorial experimental design.
328,In-store,High Volume,201268.47,Synthetic Academic Factorial Experiment,Synthetic observations created to demonstrate factorial experimental design.
329,In-store,High Volume,218741.01,Synthetic Academic Factorial Experiment,Synthetic observations created to demonstrate factorial experimental design.
330,In-store,High Volume,254968.97,Synthetic Academic Factorial Experiment,Synthetic observations created to demonstrate factorial experimental design.
331,In-store,High Volume,200185.23,Synthetic Academic Factorial Experiment,Synthetic observations created to demonstrate factorial experimental design.
332,In-store,High Volume,219913.11,Synthetic Academic Factorial Experiment,Synthetic observations created to demonstrate factorial experimental design.
333,In-store,High Volume,263381.48,Synthetic Academic Factorial Experiment,Synthetic observations created to demonstrate factorial experimental design.
334,In-store,High Volume,232346.34,Synthetic Academic Factorial Experiment,Synthetic observations created to demonstrate factorial experimental design.
335,In-store,High Volume,218380.98,Synthetic Academic Factorial Experiment,Synthetic observations created to demonstrate factorial experimental design.
336,In-store,High Volume,222176.11,Synthetic Academic Factorial Experiment,Synthetic observations created to demonstrate factorial experimental design.
337,In-store,High Volume,232728.53,Synthetic Academic Factorial Experiment,Synthetic observations created to demonstrate factorial experimental design.
338,In-store,High Volume,255523.89,Synthetic Academic Factorial Experiment,Synthetic observations created to demonstrate factorial experimental design.
339,In-store,High Volume,215444.64,Synthetic Academic Factorial Experiment,Synthetic observations created to demonstrate factorial experimental design.
340,In-store,High Volume,211363.01,Synthetic Academic Factorial Experiment,Synthetic observations created to demonstrate factorial experimental design.
341,In-store,High Volume,200181.44,Synthetic Academic Factorial Experiment,Synthetic observations created to demonstrate factorial experimental design.
342,In-store,High Volume,226855.73,Synthetic Academic Factorial Experiment,Synthetic observations created to demonstrate factorial experimental design.
343,In-store,High Volume,199697.63,Synthetic Academic Factorial Experiment,Synthetic observations created to demonstrate factorial experimental design.
344,In-store,High Volume,216651.91,Synthetic Academic Factorial Experiment,Synthetic observations created to demonstrate factorial experimental design.
345,In-store,High Volume,208643.7,Synthetic Academic Factorial Experiment,Synthetic observations created to demonstrate factorial experimental design.
346,In-store,High Volume,244334.22,Synthetic Academic Factorial Experiment,Synthetic observations created to demonstrate factorial experimental design.
347,In-store,High Volume,215848.87,Synthetic Academic Factorial Experiment,Synthetic observations created to demonstrate factorial experimental design.
348,In-store,High Volume,232144.75,Synthetic Academic Factorial Experiment,Synthetic observations created to demonstrate factorial experimental design.
349,In-store,High Volume,196126.34,Synthetic Academic Factorial Experiment,Synthetic observations created to demonstrate factorial experimental design.
350,In-store,High Volume,227367.13,Synthetic Academic Factorial Experiment,Synthetic observations created to demonstrate factorial experimental design.
351,In-store,High Volume,203343.11,Synthetic Academic Factorial Experiment,Synthetic observations created to demonstrate factorial experimental design.
352,In-store,High Volume,217338.33,Synthetic Academic Factorial Experiment,Synthetic observations created to demonstrate factorial experimental design.
353,In-store,High Volume,264801.65,Synthetic Academic Factorial Experiment,Synthetic observations created to demonstrate factorial experimental design.
354,In-store,High Volume,241779.14,Synthetic Academic Factorial Experiment,Synthetic observations created to demonstrate factorial experimental design.
355,In-store,High Volume,222688.57,Synthetic Academic Factorial Experiment,Synthetic observations created to demonstrate factorial experimental design.
356,In-store,High Volume,282580.95,Synthetic Academic Factorial Experiment,Synthetic observations created to demonstrate factorial experimental design.
357,In-store,High Volume,208526.86,Synthetic Academic Factorial Experiment,Synthetic observations created to demonstrate factorial experimental design.
358,In-store,High Volume,245973.89,Synthetic Academic Factorial Experiment,Synthetic observations created to demonstrate factorial experimental design.
359,In-store,High Volume,197411.86,Synthetic Academic Factorial Experiment,Synthetic observations created to demonstrate factorial experimental design.
360,In-store,High Volume,220609.39,Synthetic Academic Factorial Experiment,Synthetic observations created to demonstrate factorial experimental design.
