Invoice Date,Total_Sales,Operating_Profit,Units_Sold
2020-01-01,16253746,5830005.41,48333
2020-02-01,14997988,5207354.44,37846
2020-03-01,17660577,5862006.26,46972
2020-04-01,24607006,9301293.34,54709
2020-05-01,16918014,5870841.95,35705
2020-06-01,8829819,2292727.41,16269
2020-07-01,17146013,4917665.11,38219
2020-08-01,19877980,7338924.54,62307
2020-09-01,18304436,7119702.4399999995,46125
2020-10-01,10836269,4139469.21,30167
2020-11-01,8622300,2783476.24,25152
2020-12-01,8026527,2712196.23,20545
2021-01-01,55225396,19311929.1,179299
2021-02-01,46102165,16185382.26,156113
2021-03-01,39148532,14577781.74,143988
2021-04-01,47732964,18257943.97,161717
2021-05-01,63589681,24075413.38,178900
2021-06-01,65917553,24421988.51,164745
2021-07-01,78334681,29137233.48,180481
2021-08-01,72288221,27112515.76,195414
2021-09-01,59357023,23889884.29,182425
2021-10-01,53074764,20938975.39,152834
2021-11-01,59235040,21972045.19,149350
2021-12-01,77815430,28878005.8,171246
